,,0
0,A,artificialbeecolony
0,B,pheromone
0,C,antcolony
2,A,correspondenceanalysis
2,B,generationz
2,C,internet
2,D,teachingmethod
4,A,socialnetworksapps
4,B,mobile
4,C,tourismmarketing
4,D,tourismorganization
5,A,mobilecloudstorage
5,B,scalability
5,C,datamanagement
6,A,smartphoneapps
6,B,higherinstitution
6,C,gamification
6,D,orientationapp
7,A,selfservicekioskssk
7,B,cloudcomputing
7,C,selfservicetechnologiessst
7,D,sociotechnologicalissues
7,E,
8,A,deeplearning
8,B,sentimentanalysis
8,C,twitter
8,D,twitterdatabase
11,A,bilingualapplication
11,B,colorlearning
11,C,alternativelearning
11,D,preschoolstudent
12,A,mobiletechnologies
12,B,computationalthinking
12,C,abstraction
12,D,environmentalstudy
13,A,mobileadhocnetworks
13,B,multicastrouting
13,C,scalable
13,D,locationbasedrouting
13,E,gps
15,A,adaptivesystems
15,B,informallearning
15,C,informationretrieval
15,D,mobilecommunication
15,E,museums
15,F,unsupervisedlearning
16,A,adhocmessagingnetwork
16,B,mobileadhocnetwork
16,C,networksimulation
16,D,timeshiftedrouting
16,E,storeandforewardmessagepropagation
19,A,elderly
19,B,careerpreference
19,C,digitalization
19,D,digitaltechnology
19,E,digitalskill
20,A,flexibility
20,B,covid19
21,A,careemapplication
21,B,familyconfidenceandwomenempowerment
21,C,userexperience
21,D,ewordofmouth
21,E,jordan
22,A,mobileapps
22,B,maths
22,C,learning
22,D,children
22,E,rcts
24,A,animationmedia
24,B,solarsystem
24,C,learningoutcomes
25,A,interactivesimulatation
25,B,physicsconcepts
26,A,mixcode
26,B,genz
26,C,socialmedia
26,D,sociolinguistics
27,A,lavfis
27,B,fieldbasedlearning
27,C,virtual
27,D,learning
27,E,covid19
28,A,interactivemedia
28,B,android
28,C,learningoutcomes
29,A,educationalrobotics
29,B,primaryschool
29,C,professionalteacherdevelopment
29,D,storytelling
31,A,digitalgame
31,B,learningmotivation
31,C,wordwall
33,A,onlinetraininggamificationgameelementsengagementemployee
36,A,android
36,B,learningtools
36,C,localwisdom
36,D,physicslearning
36,E,traditionalgame
37,A,onlinepsychologicalassessment
37,B,assessmentskillstraining
37,C,academiclife
39,A,computationalthinking
39,B,boardgame
39,C,designanddevelopmentresearch
39,D,evaluation
39,E,
41,A,tsunamievacuationdrill
41,B,mapbasedtsunamisimulation
41,C,websystem
41,D,mobiledevices
41,E,disastereducation
42,A,machineelementapplications
42,B,interactive
42,C,mobile
42,D,learning
42,E,distance
42,F,media
43,A,motorskills
43,B,exercise
43,C,agility
43,D,sensortechnology
44,A,essentialcompetencies
44,B,preteacher
44,C,constructionandhousingengineeringexpertiseprogram
45,A,systematicliteraturereview
45,B,researchtrends
45,C,mobileassistedlanguagelearning
45,D,mall
45,E,englishassecondlanguageesl
45,F,mobiletechnologies
45,G,malaysia
49,A,edutainment
49,B,educationalmusicvideo
49,C,videobasedlearning
49,D,childrenlearning
52,A,virtualreality
52,B,immersivevirtualreality
52,C,mobilehmd
52,D,tetheredhmd
52,E,cybersickness
52,F,simulatorsickness
52,G,cybersicknessreductionguidelines
52,H,
53,A,literaturereview
53,B,researchtrends
53,C,stemeducation
53,D,systematic
55,A,learningmanagementsystem
55,B,assessmentforlearning
55,C,computationalthinking
56,A,multiuav
56,B,flyingadhocnetworks
56,C,topologybasedroutingprotocol
56,D,gaussmarkov
56,E,flyingaltitude
56,F,
56,G,
57,A,kvisoftflipbook
57,B,creativethinking
57,C,mathematics
64,A,disruptiveeducation
64,B,edukit
64,C,entrepreneurshiplearning
64,D,experimentallearning
64,E,gamification
65,A,disruptivemedia
65,B,selfefficacy
65,C,education40
65,D,learningmedia
65,E,educationalinnovationbackground
69,A,organicchemistry
69,B,stemapproach
69,C,android
72,A,userexperience
72,B,usercentereddesign
72,C,farmmonitoring
72,D,mobile
73,A,emodule
73,B,ethnomathematics
73,C,problemsolving
73,D,buildingspace
74,A,mooc
74,B,education30
75,A,engagement
75,B,academicperformance
75,C,seamlesslearning
75,D,testingeffect
75,E,webquizzing
76,A,androidbasedinteractiveemodules
76,B,trigonometrics
78,A,webusability
78,B,website
78,C,interface
78,D,educationalwebsite
78,E,userspreference
79,A,game
79,B,safetytraining
79,C,hazard
79,D,framework
82,A,mobileparentingtrainingprogram
82,B,ubiquitouslearning
82,C,parentingskills
82,D,parentallocusofcontrol
87,A,android
87,B,malware
87,C,opcodes
87,D,recurrentneuralnetworks
88,A,multicriteriadecisionmaking
88,B,ahp
88,C,topsis
89,A,timedivisionduplex
89,B,scheduling
89,C,throughput
89,D,radioresourceallocation
89,E,5gnr
90,A,olsrroutingprotocol
90,B,randommobility
90,C,groupmobility
90,D,bonnmotionsoftware
90,E,networksimulation
90,F,
91,A,koreanasaforeignlanguage
91,B,koreanlanguagelearning
91,C,mobileassistedlanguagelearning
91,D,wechat
94,A,socialnetworkssns
94,B,privacy
94,C,trust
94,D,userbehavior
99,A,thesimilarities
99,B,differences
99,C,midmaturity
99,D,
99,E,genderspecificbehaviours
100,A,softwarequalityassurance
100,B,softwarequalitystrategy
100,C,softwarequalityclassifications
101,A,frauddetection
101,B,cnn
101,C,lstm
101,D,autoencoder
103,A,barcodereader
103,B,radiofrequencyidentification
103,C,smartgate
103,D,smartshoppinggate
114,A,surveillancesystem
114,B,facedetection
114,C,facerecognition
114,D,facetracking
114,E,lowcostcamera
114,F,facemask
114,G,
115,A,android
115,B,cryptography
115,C,ecc
115,D,ecdh
115,E,instructionaltechnology
115,F,rsa
117,A,whatsappapplication
117,B,communicationtool
117,C,learningtool
117,D,collaborationtool
117,E,communicationskills
119,A,agency
119,B,sciencemediacommunication
119,C,sciencecommunication
119,D,philosophyofscience
119,E,emancipation
119,F,selfreflexivity
119,G,designdevelopmentresearch
120,A,strengthofacidandbase
120,B,addiemodel
120,C,5e
120,D,teachingandlearningmodule
120,E,online
124,A,smartphone
124,B,adicction
124,C,engineeringstudents
124,D,gender
124,E,mexico
124,F,
125,A,contacttracing
125,B,uavs
125,C,covid19
125,D,wirelessmonitoringsystem
125,E,wirelessmeshnetworks
125,F,reinforcementlearning
126,A,virtualreality
126,B,highereducation
126,C,learningenvironment
126,D,studentperformance
126,E,
127,A,creativethinkingability
127,B,learningcommunity
127,C,geogebra
127,D,
128,A,cloud
128,B,computationalthinking
128,C,criticalthinking
128,D,internet
128,E,thailand
129,A,teachersperspective
129,B,ictintegration
129,C,newnormalera
133,A,icn
133,B,ndn
133,C,cachingstrategy
133,D,innetworkcaching
133,E,cachemanagementpolicies
134,A,consonantcluster
134,B,onset
134,C,traditionalmethod
135,A,cloudcomputingtechnologies
135,B,digitaltrends
135,C,digitalization
135,D,regionaldevelopment
135,E,socioeconomiceffects
136,A,cloudcomputing
136,B,qualityofservice
136,C,servicelevelagreement
136,D,reinforcementlearning
136,E,deepreinforcementlearning
137,A,mobilephone
137,B,maritalcommunication
137,C,interpersonalrelationships
138,A,smartlearning
138,B,attitude
138,C,perceptions
138,D,onlinelearning
138,E,podcast
139,A,cloudbasedlearning
139,B,reverseengineering
139,C,computationalthinking
139,D,peerlearning
139,E,
140,A,ltev
140,B,bestcqi
140,C,roundrobin
140,D,proportionalfair
140,E,los
141,A,mobileweb
141,B,characterbuilding
141,C,studentcharacter
142,A,gamification
142,B,motivation
142,C,engagement
142,D,orientationknowledge
142,E,affectiveoutcomes
143,A,interactivemobiletechnology
143,B,interventions
143,C,mentalandphysicalhealth
143,D,wellbeing
143,E,bibliometricanalysis
143,F,
145,A,mobilecommerce
145,B,utilization
145,C,factorsinfluencing
145,D,utaut
145,E,ruralentrepreneurs
147,A,multipleinputsingleoutputmiso
147,B,steppedimpedanceresonatorsir
147,C,longtermevolutionlte
147,D,returnloss
147,E,specificanthropomorphicmannequinsamhead
148,A,android
148,B,learningmedia
148,C,methods
148,D,student
148,E,networkservicetechnology
149,A,facebook
149,B,marketing
149,C,scopus
149,D,bibliometricanalysis
150,A,gamebasedlearning
150,B,computationalthinking
150,C,designmodel
152,A,interactivestorytelling
152,B,creativeindustry
152,C,bibliometricanalysis
152,D,scopus
152,E,vosviewer
153,A,youtubeeducationalchannel
153,B,videopodcast
153,C,listeningcomprehension
153,D,elt
153,E,ruralesl
153,F,
154,A,highschool
154,B,ictbasedintervention
154,C,interactiveteaching
154,D,physics
154,E,simulations
155,A,bookreader
155,B,imagetextconversion
155,C,texttospeech
155,D,googlecloud
155,E,artificialintelligence
155,F,visualimpairmentpeople
156,A,schoolprincipals
156,B,distancelearning
156,C,technologicaltools
156,D,onlinelearning
157,A,mobiletechnologies
157,B,hearingimpairedstudents
157,C,esl
157,D,views
157,E,challenges
158,A,digitalcomics
158,B,cognitivelearningoutcome
158,C,pandemic
159,A,digitalstory
159,B,linguisticintelligence
159,C,mindfulness
159,D,coronapandemic
159,E,
160,A,3dshapes
160,B,attitudes
160,C,geogebra
160,D,prospectiveelementaryteachers
161,A,skype
161,B,speakingskills
161,C,onlineplatforms
161,D,perceptions
161,E,malaysianundergraduates
162,A,eservices
162,B,eservicequality
162,C,bibliometricanalysis
163,A,industry40
163,B,manufacturing
163,C,bibliometricanalysis
163,D,scopus
164,A,industry40
164,B,healthcare
164,C,digitalhealth
164,D,systematicreview
165,A,digitalreadiness
165,B,covid19
165,C,studentdevelopmentandsuccess
166,A,energysave
166,B,arduino
166,C,mobileapps
166,D,led
166,E,sensor
167,A,orientation
167,B,accelerometer
167,C,soundlevel
167,D,hearrate
167,E,lightofintensity
168,A,internet
168,B,learningautonomy
168,C,attitude
168,D,hindrance
168,E,covid19pandemic
169,A,projectbasedlearning
169,B,chemistry
169,C,rateofreaction
169,D,scienceprocessskills
169,E,chemicalrepresentation
170,A,ulearning
170,B,perception
170,C,programming
170,D,instructional
171,A,onlinelearning
171,B,learningexperience
171,C,immersiveexperience
171,D,covid19
171,E,mediatoranalysis
172,A,onlinedistancelearning
172,B,domainknowledge
172,C,selfefficacy
172,D,behavioralintention
173,A,dronescommunicationarchitectures
173,B,uaanetdronesnetwork
173,C,routingprotocols
173,D,optimizedlinkstateroutingprotocololsradhocondemanddistancevectoraodv
173,E,adhocnetwork
173,F,
174,A,motorlearning
174,B,measuringinstruments
174,C,preschooleducation
174,D,sensorytechnology
176,A,continuingeducation
176,B,distanceeducation
176,C,technologicalcompetence
176,D,change
176,E,professionalization
176,F,
177,A,customerreviews
177,B,informationandcommunicationtechnologyskills
177,C,multiplecriteriadecisionmaking
177,D,phoneservice
177,E,termfrequencyinversedocumentfrequency
177,F,vikor
178,A,highdimensionality
178,B,ensemble
178,C,spamdetection
179,A,vanets
179,B,geographicalroutingprotocols
179,C,gpsr
179,D,qos
179,E,vanetmobisim
179,F,ns2
182,A,dynamicmathematicssoftware
182,B,polyhedron
182,C,hungryant
182,D,videobasedlearning
183,A,onlinematheducation
183,B,studentsatisfaction
183,C,onlinecoursecomponents
183,D,virtualclasses
183,E,studentpreferences
183,F,covid19effects
183,G,mathinstruction
184,A,meerkatclanalgorithm
184,B,selectionoffeatures
184,C,nids
184,D,nslkdd
184,E,unswnb15
185,A,encryption
185,B,discretewavelettransform
185,C,steganography
185,D,modulatedimage
185,E,hiddenimage
189,A,freespaceoptics
189,B,radiofrequency
189,C,amplitudeshiftkeying
189,D,quadratureamplitudemodulation
189,E,quadraturephaseshiftkeying
189,F,wavelengthdivisionmultiplexing
189,G,powermanagement
190,A,cryptography
190,B,gf28
190,C,gfp
190,D,magicsquare
190,E,multilevelkey
190,F,
192,A,covid19
192,B,fuzzycmeanfcm
192,C,propagationbpclassification
192,D,informationgainig
192,E,mobilapplication
193,A,androidbasedapplocation
193,B,mentalhealth
193,C,collegestudent
193,D,covid19pandemic
194,A,artificialintelligence
194,B,covid19
194,C,decisiontreealgorithm
194,D,detectionsystem
194,E,
195,A,voip
195,B,vpn
195,C,wlan
197,A,integratedvehiclehealthmonitoringivhm
197,B,sensor
197,C,dataaggregation
197,D,flatrouting
197,E,hierarchicalrouting
198,A,businesseducation
198,B,enterpriseinformationsystems
198,C,interdisciplinaryapproaches
198,D,universitycurriculumdevelopment
199,A,informationsystems
199,B,informationtechnology
199,C,ruralhealth
199,D,telemedicine
202,A,applicationdesign
202,B,creativitytool
202,C,innovationsupport
202,D,usermotiveanalysis
203,A,mobilemarketing
203,B,consumeradoption
203,C,consumeracceptance
209,A,conceptmapping
209,B,learningnetwork
209,C,socialsupportsystem
209,D,softwareneedsanalysis
211,A,handover
211,B,bts
211,C,bsc
211,D,channelexchange
211,E,mobilenetwork
211,F,portsallocation
214,A,comparingmobilewithdesktop
214,B,flowexperience
214,C,mobiledevices
218,A,mobilesystems
218,B,agentbasedsystems
218,C,eventnotificationsystems
218,D,publishsubscribemodel
221,A,humanfactors
221,B,navigation
221,C,stateofart
221,D,review
227,A,mobiledevice
227,B,elderly
227,C,healthsystem
227,D,hongkong
228,A,contentgeneration
228,B,flashlite
228,C,multimediaauthoring
228,D,mobilephones
228,E,interactivemultimediaapplication
231,A,humancomputerinteraction
231,B,operationalresearch
231,C,mobiledigitaltelevision
231,D,verbaldecisionanalysis
231,E,interactiondesign
233,A,eservices
233,B,mobilecommerce
233,C,mobiletechnology
233,D,tourism
233,E,webbasedinformationsystem
233,F,wirelessmobilecomputing
234,A,rangefinder
234,B,gps
234,C,positionmeasurement
234,D,roadmaintenance
236,A,analyticalmodel
236,B,integrationstrategy
236,C,mobileadhocnetwork
236,D,relaypathset
237,A,keywords
237,B,mobilebankingmb
237,C,theoryofplannedbehaviortpb
237,D,technologyacceptancemodeltam
237,E,trusttmb
237,F,
240,A,intelligentsensors
240,B,wirelesssensornetwork
240,C,qualityofservice
240,D,diffservandmpls
240,E,
241,A,ber
241,B,tdd
241,C,mccdma
241,D,snr
241,E,delay
242,A,enveloperepository
242,B,envelopepwriteprotocol
242,C,expectedandaverageexpectedcost
242,D,peerconnectedset
242,E,
243,A,computer
243,B,microcontroller
243,C,amplitudeshiftkeying
243,D,transmitter
243,E,receiver
243,F,antenna
243,G,
244,A,informationsystemsembeddedapplication
244,B,intelligentsensors
244,C,wirelesssensornetwork
244,D,adhocnetworks
244,E,olsrprotocol
244,F,multipointrelays
244,G,nodemobilityandmobilityquantification
245,A,mobiledatabase
245,B,integrityconstraints
245,C,integritytests
245,D,datacaching
245,E,
246,A,neuralnetwork
246,B,ldpccodes
246,C,robot
246,D,mimo
246,E,andofdm
247,A,mobilehandover
247,B,coverageareameasurements
247,C,signalstrengthsimulation
247,D,mobilepositioningdigitalcellularsystem
252,A,mobile
252,B,peertopeer
252,C,collaborativework
252,D,cscw
252,E,collaboration
252,F,groupware
252,G,heterogeneity
252,H,j2me
252,I,javame
252,J,softwareengineering
260,A,mobilephonelearning
260,B,middleschoolstudents
260,C,perceptions
262,A,mcommunication
262,B,mobilecommunication
262,C,mobilemarketing
262,D,mobilegaming
262,E,barcelona
263,A,ebook
263,B,ebookreader
263,C,eink
263,D,einkreader
263,E,distancelearning
265,A,computermediatedcommunication
265,B,contextawarecomputing
265,C,contextualcommunication
265,D,userâscontext
266,A,mobilevideobasedlearning
266,B,h264mpeg4avcsoftwarecodec
266,C,mobileconferencing
266,D,peertopeergroupcommunication
266,E,distributedsipconferencemanagement
266,F,
271,A,nextgenerationcommerce
271,B,nextgenerationinternet
271,C,nextgenerationmobile
271,D,nextgenerationcommercetechnologies
271,E,
272,A,citywidelearning
272,B,collaborativelearning
272,C,learningscenarios
272,D,technologymediatedlearning
273,A,adaptation
273,B,contextaware
273,C,hierarchicaltaskmodel
273,D,learningandworkingsituation
273,E,pervasivelearning
273,F,servicedescription
273,G,servicerequirement
273,H,taskmethodparadigm
273,I,
275,A,secondlanguageacquisition
275,B,mobileassistedlanguagelearning
275,C,languagelearningdiaries
275,D,noticing
275,E,openlearnermodelling
276,A,sms
276,B,mobilephones
276,C,transitiontohe
276,D,timemanagement
276,E,textmanagementservice
279,A,educationalsystems
279,B,affectivecomputing
279,C,mobilesystems
279,D,adaptivesystems
280,A,mobiledevices
280,B,highereducation
280,C,facultyperspectives
280,D,technologicalpedagogicalaspects
286,A,mobility
286,B,adolescence
286,C,diabetics
286,D,learning
286,E,humancomputerinteraction
286,F,qualityoflife
287,A,trafficflow
287,B,nonlinearandnonstationarytimeseries
287,C,qos
287,D,farima
287,E,rrbfn
287,F,esnandprediction
289,A,onlinecommunity
289,B,mobile
289,C,deaf
289,D,designprocessmodel
289,E,designmethods
289,F,humanfactorstechniques
289,G,interfacedesign
290,A,ngn
290,B,personalization
290,C,profilemanagement
291,A,userexperience
291,B,mobilephones
291,C,im
291,D,chat
291,E,textmessaging
291,F,multideviceservices
292,A,mobilework
292,B,usercentereddesign
292,C,userinterfaceculture
293,A,charactersize
293,B,elderlyperson
293,C,lcd
293,D,visibility
294,A,elearning
294,B,mlearning
294,C,ulearning
294,D,learning
294,E,training
294,F,mobiledevice
294,G,learningplatform
294,H,specification
294,I,contents
295,A,mobileinternet
295,B,mobileweb20
295,C,mobiledataindustry
295,D,pointofinspiration
295,E,snippets
295,F,collectiveintelligence
295,G,
296,A,collaboration
296,B,construction
296,C,mobile
296,D,visualisation
308,A,mobilecomputing
308,B,industrialapplications
308,C,mobilemeasurementtechnologies
308,D,servicesformobilenetworks
309,A,mentalmodels
309,B,ubiquitousinteractivity
309,C,visualtags
309,D,socialcomputing
309,E,hci
309,F,evaluation
309,G,inputdevices
309,H,mobileinteraction
312,A,education
312,B,mobiletechnology
312,C,handhelds
312,D,globalconnections
316,A,computeraidedinstruction
316,B,computeraidedassessment
316,C,electroniclearning
317,A,congestioncontrol
317,B,voip
317,C,captcha
317,D,fairness
317,E,convergencespeed
319,A,learning
319,B,autism
319,C,mobilebasedapplication
319,D,smartmobilephones
319,E,nonverbal
319,F,
321,A,mms
321,B,mobiletelemedicinesystem
321,C,multimediamessage
321,D,streaming
324,A,disastertraining
324,B,smartphoneapplications
324,C,ict
325,A,mobiletelecommunications
325,B,selforganizingmap
325,C,customersegmentation
328,A,musicperformance
328,B,scalesandacoustics
328,C,mobiledevices
328,D,musicinformatics
335,A,wirelessinternet
335,B,obstacles
335,C,students
335,D,learning
335,E,theuniversityofjordan
336,A,esience
336,B,ilab
336,C,onlinelab
336,D,measurement
336,E,realtime
336,F,onlinelabs
336,G,fpga
336,H,elvis
336,I,
337,A,onlinelab
337,B,pidcontroller
337,C,temperaturesystem
338,A,didalabtoolkit
338,B,ecourse
338,C,labview
338,D,moodleplatform
338,E,optoelectronic
338,F,remotelaboratory
338,G,uc1ilab
339,A,laboratoryexperiments
339,B,remotelabs
339,C,reuseofremotelabs
339,D,engineeringeducation
340,A,elearning
340,B,isa
340,C,labview
340,D,oscillatorexperiment
340,E,remotelaboratories
340,F,
341,A,esienceproject
341,B,heatexchanger
341,C,maghreb
341,D,remotelab
341,E,
341,F,
343,A,mobilephoneinclassroom
343,B,multitasking
343,C,impactonstudentslearning
343,D,mobilephoneactionsinclassroom
343,E,
345,A,agentassistedbanking
345,B,electronicbanking
345,C,mobilebanking
345,D,securedbanking
346,A,smartphones
346,B,addiction
346,C,humanbehavior
346,D,technologysocialfactors
346,E,
347,A,telehomecare
347,B,interagentcommunication
347,C,electronicmedicalrecord
347,D,informationandcommunicationtechnologies
347,E,
347,F,
348,A,visuallyimpared
348,B,educational
348,C,audiobooks
348,D,portal
348,E,vui
348,F,
348,G,
349,A,geneticalgorithm
349,B,crossover
349,C,mutation
349,D,tsp
351,A,healthcare
351,B,individualfactors
351,C,ruralarea
351,D,saudiarabia
351,E,smartphone
351,F,tam
351,G,
353,A,computerizedobservation
353,B,datacollection
353,C,observationsystems
353,D,mobiledevices
353,E,computerassisteddirectobservationprograms
354,A,wsns
354,B,networkefficiency
354,C,powerconsumption
354,D,routingprotocol
354,E,energyawareroutingpath
356,A,brandawareness
356,B,ecommerce
356,C,europeinternetshopping
356,D,ebusiness
356,E,
357,A,liquidspheres
357,B,operativesystems
357,C,privacy
357,D,termsandconditions
357,E,smartphones
362,A,dijkstrasshortestpathalgorithm
362,B,mobiledevices
362,C,mobileuserinterface
362,D,smallscreeninterface
362,E,usersatisfaction
364,A,orthogonalfrequencydivisionmultiplexing
364,B,peaktoaveragepowerratio
364,C,discretewavelettransform
364,D,entropy
364,E,multipleinputmultipleoutput
365,A,middleschool
365,B,mobilephone
365,C,mathematicsteachers
365,D,teachersattitudes
365,E,teachersdecisions
366,A,educationalprograms
366,B,educationaltechnology
366,C,physicseducation
366,D,sensors
366,E,
366,F,
367,A,contextengine
367,B,contextawareservices
367,C,mobilecomputing
367,D,semanticcomputing
368,A,ereaderdevices
368,B,amazonkindle
368,C,mobileassistedenglishlanguagelearning
368,D,m3evaluationframework
369,A,computernetwork
369,B,dijkstrasshortestpathalgorithm
369,C,mobiledevices
369,D,perception
369,E,smallscreeninterface
372,A,environmentalmonitoring
372,B,mobiletechnology
372,C,apps
372,D,sensors
372,E,mobilephones
374,A,cookingreciperecommendation
374,B,foodingredients
374,C,objectrecognition
374,D,smartphoneapplication
375,A,socialnetworks
375,B,digitalcommunication
375,C,emarketing
375,D,
376,A,mobilemedia
376,B,mobileecosystem
376,C,app
376,D,tourism
376,E,destinationbranding
381,A,androidapplication
381,B,fourierseriesexpansions
381,C,undergraduateelectricalengineeringeducation
382,A,classroomresponsesystems
382,B,audienceresponsesystems
382,C,livefeedback
382,D,largeaudiences
385,A,mobileservices
385,B,personalization
385,C,privacy
385,D,usercontrol
385,E,usermodel
387,A,mobilewebapps
387,B,nativeapps
387,C,html5
387,D,responsivewebdesign
387,E,ict4d
388,A,domotic
388,B,home
388,C,automation
388,D,mobile
390,A,mobiletagging
390,B,nfc
390,C,qrcode
390,D,technologyenhancedlearning
392,A,highschool
392,B,studentengagement
392,C,mobiledevices
392,D,teacherprofessionaldevelopment
394,A,situatedsimulation
394,B,reliability
394,C,mediaaesthetics
394,D,visualizinguncertainty
394,E,interpretation
394,F,digitalreconstruction
395,A,theunifiedtheoryofacceptanceanduseoftechnologyutaut
395,B,websiteservicequality
395,C,performanceexpectancype
395,D,effortexpectancyee
395,E,socialinfluencesiandfacilitatingconditionfc
395,F,
396,A,virtuallaboratory
396,B,wirelesscommunications
396,C,sensornetworks
398,A,mimo
398,B,ofdm
398,C,peaktoaveragepowerratio
398,D,wavelet
398,E,eigenvectorscomponent
398,F,
400,A,nfc
400,B,rfid
400,C,mifare
404,A,ecommerce
404,B,mpayment
404,C,transfer
404,D,money
404,E,mwallet
404,F,mobilephone
406,A,mobilephone
406,B,mobilephoneusage
406,C,studentsattitudes
406,D,
406,E,
407,A,ber
407,B,demodulator
407,C,eyepattern
407,D,matlab
407,E,modulator
407,F,qpsk
407,G,
408,A,mobilenotification
408,B,socialnetworkservicesns
408,C,fieldstudy
408,D,userexperience
410,A,signlanguage
410,B,wirelessj2me
410,C,javawirelesscommunicationtechnologies
410,D,jsf
410,E,jsp
410,F,jms
410,G,svg
410,H,j2se
410,I,client
410,J,server
410,K,handheldsystem
410,L,mobilesystem
410,M,tcpip
410,N,videostreaming
410,O,adobeaftereffects
410,P,httpconnectivity
411,A,mobileportal
411,B,wap
411,C,pharmaceuticalservies
411,D,smartphones
412,A,apple
412,B,api
412,C,rubyonrails
412,D,objectivec
413,A,remotelab
413,B,remotecontrol
413,C,mobiletechnologies
413,D,solarboilers
415,A,classroom
415,B,mobile
415,C,learning
415,D,persuasion
416,A,agent
416,B,mobilegovernment
416,C,contentadaptation
416,D,egovernment
416,E,mediation
418,A,mobiletechnologies
418,B,mobilephones
418,C,informallearning
418,D,curriculum
419,A,driverriskometer
419,B,driverdistraction
419,C,riskassessment
419,D,cellphones
419,E,motionclassifier
420,A,nfcbasedpayment
420,B,transactionprotocol
420,C,mobilepayment
420,D,secureprotocol
423,A,openaccesslab
423,B,fieldmeasurementsexperiments
423,C,broadbandwireless
423,D,wimax
423,E,pathloss
423,F,propagationmodels
423,G,andthroughput
424,A,socialnetworks
424,B,mobilesocialnetworks
424,C,rdf
425,A,remoteexperimentation
425,B,education
425,C,mobiledevices
425,D,moodle
425,E,3dvirtualenvironment
425,F,opensource
425,G,openhardware
427,A,mobiletracking
427,B,architecture
427,C,softwarealgorithms
427,D,serverperformancestudy
427,E,pilottest
427,F,elderlyfeedback
429,A,wifi
429,B,proximity
429,C,contextaware
429,D,indoorpositioning
429,E,
430,A,multiagent
430,B,multidimensionalrating
430,C,proactivity
430,D,recommendersystem
431,A,electroniclearning
431,B,mobilecomputing
431,C,statistics
431,D,
432,A,bandwidth
432,B,performance
432,C,wirelessmeshnetwork
432,D,controlpacket
432,E,cloud
433,A,constraintsviolation
433,B,mobiledatabase
433,C,mobiledatabasemodel
433,D,objectdatamodel
435,A,educationalgames
435,B,usabilityevaluation
435,C,usertesting
435,D,chemistry
436,A,distributedinformationsystems
436,B,computerapplications
436,C,mobilecommunicationandsoftware
436,D,contextaware
437,A,activityscharacteristics
437,B,mobilephone
437,C,technologicalenvironment
437,D,studentsemotions
437,E,affectaspect
438,A,eaccessibility
438,B,mobileaccessibility
438,C,assistivetechnology
438,D,eaccessibilitystandards
438,E,designforall
439,A,digitalcommunication
439,B,digitalmarketing
439,C,onlinecommunity
439,D,socialmedia
441,A,multimediamessage
441,B,messagesize
441,C,mms
441,D,clientserverapplication
442,A,mobilecollaborativelearningmcl
442,B,mobiledevices
442,C,serversidearchitecture
442,D,clientsideprotocol
442,E,groupapplication
442,F,cacheserver
442,G,
443,A,accessibility
443,B,assistivetechnologies
443,C,scenarios
443,D,trends
444,A,mobiledevices
444,B,science
444,C,informationtechnology
444,D,development
446,A,mobiledevices
446,B,gametheory
446,C,gamingineducation
446,D,vocabulary
450,A,electronictouristguide
450,B,mobiletouristguide
450,C,semanticwebtechnology
450,D,touristinformationsystem
450,E,touristapplication
450,F,
452,A,mobilewirelesssensornetworks
452,B,unmannedaerialvehicles
452,C,sinkplatform
452,D,dataanalysis
453,A,googleapps
453,B,impact
453,C,highereducation
453,D,oman
453,E,
454,A,aphasia
454,B,mobiletablet
454,C,recovery
454,D,stroke
457,A,educationalapplication
457,B,englishlanguagelearning
457,C,speakingskills
457,D,virsbud
457,E,
463,A,mobileapps
463,B,smartdevices
463,C,learningactivities
463,D,mobilesupportededucation
464,A,fingerprint
464,B,authentication
464,C,sdk
464,D,interoperability
464,E,biometrics
464,F,
466,A,gamebasedlearning
466,B,problemsolving
469,A,deeplearning
469,B,knowledgemanagement
469,C,videoclassification
470,A,mobiletechnology
470,B,applications
470,C,autisticspectrumdisorders
470,D,emotions
470,E,emotionalintelligence
471,A,research
471,B,researchactivity
471,C,process
471,D,informationandcommunicationtechnology
471,E,learningandmethodicalcomplex
473,A,usability
473,B,evaluation
473,C,forcetouch
473,D,touchbaseduserinterface
473,E,universaldesign
473,F,smartphones
475,A,qualityassessment
475,B,technicalcriteria
475,C,spoc
475,D,mobileapp
475,E,isostandards
475,F,
476,A,tablet
476,B,primarylevels
476,C,thailand
477,A,mhealth
477,B,pregnancy
477,C,healthcareinformatics
477,D,physicalactivity
477,E,wearablesensors
478,A,discriminantanalysis
478,B,smsadvertising
478,C,infotainment
479,A,digitallearning
479,B,gamebasedlearning
479,C,videogames
479,D,mobiledevices
479,E,degreeofcompetence
479,F,flicbuttons
483,A,selfefficacy
483,B,onlinelearning
483,C,theoryofplannedbehaviour
483,D,smartphoneapplication
484,A,mobilebanking
484,B,utaut2
484,C,massmedia
484,D,effortexpectancy
484,E,jordan
486,A,moodle
486,B,learningmanagementsystem
486,C,scaledevelopment
486,D,validity
486,E,reliability
487,A,smartphone
487,B,pisa
487,C,science
487,D,reading
487,E,logicalreasoning
488,A,socialmedia
488,B,learning
488,C,teaching
488,D,methodology
488,E,multimedia
490,A,mobileinternet
490,B,teachercandidates
490,C,specialeducation
492,A,foreignlanguagelearning
492,B,telecollaboration
492,C,etandemlearning
492,D,socialnetworks
492,E,voip
493,A,userinvolvement
493,B,occupationaltherapy
493,C,healthinformationtechnology
493,D,mobilehealthcareapplication
494,A,notification
494,B,androidsmartphone
494,C,academic
494,D,announcement
495,A,deaf
495,B,healthyphone
495,C,usercentereddesign
495,D,emergencycall
495,E,theiconographyinterface
495,F,
495,G,
497,A,educationalmobilegame
497,B,seriousgame
497,C,motivation
497,D,disturbancefactor
497,E,gamedesign
497,F,fractions
498,A,colorblindness
498,B,protanopia
498,C,duteranopia
498,D,tritanopia
498,E,daltonization
498,F,lmsdetonaization
498,G,labcolor
498,H,opencv
498,I,android
498,J,
499,A,blendedlearning
499,B,skypemedia
499,C,academicwriting
499,D,mobile
499,E,facultymember
503,A,mobiletechnology
503,B,secondaryeducation
503,C,literacy
503,D,mentalhealth
504,A,ubiquitouscommerce
504,B,ubiquitouscomputing
504,C,mobilecommerce
504,D,technology
504,E,userexperience
505,A,communicationboard
505,B,usability
505,C,usercentereddesign
505,D,deafpeople
507,A,userexperience
507,B,stroke
507,C,communicationboard
507,D,activityofdailyliving
507,E,usercenterdesign
508,A,mobiletechnology
508,B,secondaryeducation
508,C,highorderthinkingskills
508,D,specialeducation
508,E,
508,F,
509,A,prehospital
509,B,mobilebasedapplication
509,C,roadtrafficaccidentsvictimscare
511,A,gesturerecognition
511,B,imageprocessing
511,C,signlanguage
511,D,videoprocessing
511,E,
517,A,mobileandroid
517,B,entrepreneurialcharacteristic
517,C,psychometrictest
517,D,gamification
521,A,cloudbaseddatacenternetworks
521,B,structuresofdatacenternetworks
521,C,networkmanagement
521,D,routingindatacenternetworks
521,E,
524,A,lungcancer
524,B,cad
524,C,artificialintelligence
524,D,kmeans
524,E,cnnandctscan
524,F,
525,A,mrom
525,B,manemo
525,C,ro
525,D,multihomed
525,E,handoff
525,F,
527,A,vivavoce
527,B,virtualreality
527,C,virtualcoaching
527,D,avatar
527,E,anxiety
527,F,
528,A,floodmanagement
528,B,floodearlywarningsystem
528,C,decisionsupportsystem
528,D,multiattributedecisionmaking
530,A,websitesecommerceplatform
530,B,informationquality
530,C,interview
530,D,halal
530,E,ecommerce
530,F,
533,A,mobileonlineshopping
533,B,consumersbelieve
533,C,consumerattitude
533,D,mservices
533,E,
534,A,citizenssatisfaction
534,B,mcommerce
534,C,intentiontouse
534,D,trust
534,E,easeofuse
534,F,
535,A,roadsideunits
535,B,cyberattacks
535,C,aodv
535,D,vanet
535,E,spam
535,F,
536,A,blockchain
536,B,transactions
536,C,decentralizedarchitecture
536,D,fakedrugs
536,E,smartcontract
536,F,ethereum
536,G,
538,A,socialmedia
538,B,publiccommunication
538,C,politicalcommunication
539,A,marketingstrategies
539,B,mobilemarketing
539,C,socialnetworks
539,D,bloggers
539,E,storytelling
539,F,marketingtrends
539,G,influencers
539,H,interactivity
539,I,interaction
541,A,theuseofsmartphones
541,B,smartphonesinteaching
541,C,effectsofsmartphones
542,A,chc
542,B,cognitiveabilities
542,C,contextawareness
542,D,mobilecloudcomputing
542,E,visualspatialskills
542,F,visualability
542,G,visualclassiﬁcation
543,A,mobilehealthapps
543,B,mobilecomputing
543,C,smartphoness
544,A,adhoc
544,B,manets
544,C,aodv
544,D,dsr
544,E,nodecount
544,F,simulation
544,G,ns2
544,H,topology
544,I,
545,A,websiteusability
545,B,websiteinteractivity
545,C,engagement
545,D,healthinformationquality
545,E,humancomputerinteraction
546,A,evaluation
546,B,instructionprocess
546,C,cseucla
546,D,mobiletechnology
551,A,industry40
551,B,cyberphysicalsystems
551,C,enterpriseresourceplanning
551,D,manufacturingexecutionsystem
552,A,energyconversioninvehicles
552,B,dataprocessinganddisplay
552,C,labviewapplicationtool
552,D,softwaretoolforroadtests
554,A,projectbasedlearning
554,B,engineeringeducation
554,C,mechatronics
554,D,remotecontrol
554,E,mobileinterfaces
555,A,networkingofhighereducationinstitutions
555,B,networkofremotelaboratories
555,C,sharingonlineresources
558,A,onlineexperimentation
558,B,sustainability
558,C,socialimpact
558,D,onlinelearning
558,E,onlinetraining
559,A,mobiletechnology
559,B,eevaluation
559,C,highereducation
559,D,oman
559,E,
560,A,privacyconcerns
560,B,purchaseintention
560,C,theoryofplannedbehavior
561,A,googleglass
561,B,colorblindness
561,C,colorvisiondeficiency
561,D,colorperception
562,A,mobilehealthcareapplication
562,B,nonprescriptiondrugs
562,C,satisfaction
562,D,performance
562,E,reliability
565,A,blendedlearning
565,B,evaluation
565,C,cipp
566,A,datacompression
566,B,lempelzivwelch
566,C,remotelaboratory
566,D,websockets
568,A,arounddeviceinteractionadi
568,B,humancomputerinteractionhci
568,C,mobiledevices
568,D,sensorbasedinteraction
572,A,mobileadhocnetwork
572,B,gatewayloadbalancing
572,C,integratedinternetmanet
572,D,wlbaodv
572,E,adaptivegatewaydiscovery
572,F,geneticalgorithm
572,G,hybridframework
575,A,geofencing
575,B,geotagging
576,A,disastermanagement
576,B,locationbasedservice
576,C,smartphone
576,D,volunteers
578,A,android
578,B,headmounteddisplay
578,C,accelerometer
578,D,sensor
580,A,adaptivelearning
580,B,dotnetrdf
580,C,graphs
580,D,mlearning
580,E,ontology
580,F,rdf
580,G,semanticweb
580,H,shortestpath
580,I,turtle
580,J,userprofile
580,K,
582,A,autismspectrumdisorder
582,B,communicationskill
582,C,immersion
582,D,socialperformance
582,E,virtualreality
585,A,informationextraction
585,B,arabiclanguageprocessing
585,C,classifiedads
585,D,attributebasedsearching
585,E,
586,A,dnasteganography
586,B,hidingcapacity
586,C,datahiding
586,D,datastorage
587,A,dnacomputing
587,B,quantumcomputation
587,C,biocomputer
587,D,molecularcomputation
587,E,
589,A,keywordsextraction
589,B,multimedia
589,C,ontology
589,D,specialeducation
589,E,
590,A,bigdata
590,B,cloudcomputing
590,C,analytics
593,A,wirelesssensornetwork
593,B,ieee802154
593,C,coastalenvironment
593,D,oceanobservingsystems
593,E,performance
594,A,manet
594,B,multihop
594,C,positionbased
594,D,routing
594,E,topologybased
594,F,
595,A,manets
595,B,dsrprotocol
595,C,multipath
595,D,threshold
595,E,crosslayer
595,F,broadcasting
597,A,mobiletelemonitoringsystem
597,B,healthcare
597,C,webbasedframework
597,D,wirelessandmobilecomputing
597,E,telehealth
599,A,ict
599,B,intervention
599,C,asd
599,D,developmentaldisabilities
599,E,augmentativeandalternativecommunicationaac
599,F,computerassistedlearningcal
599,G,computerassistedinstructioncai
599,H,mobiletechnology
599,I,ipad
599,J,ipod
599,K,iphone
599,L,tablet
599,M,smartphone
599,N,childrenwithautism
599,O,
599,P,
602,A,bodysensornetworks
602,B,medicalservices
602,C,pervasivecomputing
602,D,ubiquitouscomputing
602,E,
605,A,android
605,B,balinesetraditionalfood
605,C,recursivealgorithm
605,D,treestructure
608,A,crossplatformdevelopment
608,B,android
608,C,windowsphone7
608,D,mdaapproach
608,E,ios
610,A,skiingingjuries
610,B,mobileapps
610,C,skipatroller
610,D,
611,A,mobilegameapplication
611,B,autismspectrumdisorder
611,C,interactive
611,D,science
615,A,mobileservices
615,B,androidsystems
615,C,pushnotifications
615,D,realtimeinformation
615,E,
616,A,headmounteddisplay
616,B,accelerometer
616,C,headmotionestimation
616,D,humancomputerinteraction
616,E,naturaluserinterface
619,A,3dmap
619,B,graphicalprocessingunit
619,C,supportvectormachineincorerendering
619,D,outofcorerendering
620,A,businessdataprocessing
620,B,cloudcomputing
620,C,mobilecomputing
620,D,organizations
620,E,usability
621,A,perceptual
621,B,perceptualuserinterfacepui
621,C,humancomputerinteractionhci
621,D,seriousgames
621,E,graphicaluserinterfacegui
621,F,
623,A,mobilemarketing
623,B,actualusage
623,C,behaviouralintention
626,A,contextawareservices
626,B,contextawareness
626,C,contextmanagement
626,D,mobilecomputing
627,A,geocoding
627,B,lbs
627,C,location
627,D,messaging
627,E,telecom
627,F,omasupl
630,A,disastercomplaint
630,B,mobiletechnology
630,C,smartmobilephoneapplication
633,A,mobilesms
633,B,sentenceparaphrasing
633,C,educationaltool
633,D,englishformedicalpurposes
635,A,audienceresponsesystem
635,B,facetofacelecture
635,C,technologyenhancedlearning
635,D,wearabletechnology
636,A,videosummarization
636,B,keyframeextraction
636,C,videoskimming
636,D,visualattentionmodel
636,E,mobilecomputing
636,F,computervision
638,A,sms
638,B,mobilephone
638,C,shortword
638,D,fullword
638,E,slang
638,F,android
638,G,
640,A,userbehavior
640,B,logdata
640,C,tangrampuzzle
642,A,energy
642,B,sleepawake
642,C,conditionaltransmission
642,D,networklifetime
642,E,bodysensors
642,F,
644,A,whatsappapplication
644,B,communicationchallenges
644,C,projectmanagement
644,D,industrialisedbuildingsystemibs
644,E,
645,A,technology
645,B,mobile
645,C,thailand
647,A,raschmodel
647,B,constructvalidity
647,C,test
647,D,scientificreasoning
648,A,digitalassessment
648,B,assessmentresources
648,C,teacherattitudeandperception
651,A,communications
651,B,modelling
651,C,indoorenvironment
651,D,outdoorenvironment
651,E,raytracing
652,A,ebooks
652,B,printbooks
652,C,studentperceptions
652,D,studentpreferences
652,E,universityofforthare
652,F,
654,A,gamebasedlearningexperience
654,B,geography
654,C,educational
654,D,interactive
654,E,voiceenabled
654,F,speechassistant
654,G,amazonalexa
655,A,mobilegovernmentservices
655,B,adoption
655,C,gammodel
655,D,utautmodel
655,E,
656,A,socialmedia
656,B,conceptualmodel
656,C,content
656,D,community
656,E,conversation
656,F,socialcapital
656,G,culture
656,H,collaboration
656,I,conversion
657,A,googletranslation
657,B,acceptancemodel
657,C,sourceandtargetlanguages
657,D,culturaldifferences
657,E,uae
657,F,
658,A,cognitiveflexibility
658,B,mobilephones
658,C,ict
658,D,taskswitching
658,E,workingmemory
658,F,inhibitioncontrol
658,G,attentioncontrol
658,H,multitasking
658,I,socialnetworkingsitessns
658,J,selftraining
658,K,searchengines
659,A,teammanagement
659,B,ibeacon
659,C,corelocation
659,D,iosapplication
660,A,digitalmedia
660,B,charactereducation
660,C,thematicintegrative
661,A,eportfolio
661,B,educationaltechnology
661,C,highereducation
661,D,employability
661,E,humanresources
661,F,
662,A,abstractthisstudyaimstorevealstudentsprofileofdigitalethicsinsurakartacity
662,B,indonesiacurrenttechnologicaltrendsgeneratesignificantimplicationsforthetechnologicaldigitalizationstoallpartsofhumanlivesinformationandcommu
663,A,anonymousquestionraising
663,B,blendedlearning
663,C,flippedclassroom
663,D,problembasedlearning
665,A,smartphoneapplication
665,B,crowdsourcing
665,C,mobilesignalcoverage
665,D,sensors
665,E,socialapplication
665,F,datasharing
667,A,mobileapps
667,B,autism
667,C,socialskills
667,D,socialstories
670,A,trafficcongestion
670,B,smarttraffic
670,C,trafficlightcontrol
670,D,intelligenttransportationsystem
670,E,antcolonyoptimization
670,F,smartmobility
670,G,intelligentmobility
670,H,
671,A,smartphoneapplication
671,B,carsafe
671,C,sensor
671,D,detection
672,A,voicetime
672,B,takemedication
672,C,latitudeandlongitudeinformation
672,D,emergencycall
672,E,speechrecognition
672,F,diabeticretinopathy
673,A,mobileheutagogy
673,B,studentteachers
673,C,pedagogicalchange
673,D,teachingtechnology
674,A,motorsafe
674,B,motorbike
674,C,acceleration
674,D,android
674,E,
674,F,
675,A,gamification
675,B,mobile
675,C,questionnaire
677,A,roadinformation
677,B,roadwidth
677,C,objectdetection
677,D,lanedetection
677,E,vanishingpoint
679,A,amobileapp
679,B,predictivesystems
679,C,fuzzyalgorithm
679,D,neuralnetwork
679,E,pedagogy
680,A,hiragana
680,B,handwritingrecognition
680,C,deepneuralnetworksearch
680,D,android
680,E,realtime
682,A,theatricalactivities
682,B,roleplay
682,C,smartphonevideo
682,D,authenticlearning
682,E,authenticlearningenvironment
684,A,mobileadhocnetworks
684,B,adhocondemandroutingprotocol
684,C,attacks
684,D,blackholeattack
684,E,noxiousnode
684,F,
687,A,virtualreality
687,B,onlinelearning
687,C,highereducation
688,A,mobiledictionary
688,B,anggahungguhingbalineselanguage
688,C,stringmatchingmethod
688,D,userresponse
688,E,offlinemode
688,F,firebase
688,G,
689,A,foreignlanguage
689,B,listeningcomprehension
689,C,learning
689,D,assessment
689,E,binauralaudio
689,F,testing
689,G,multimodalinterfaces
692,A,mobilephoneaddiction
692,B,smartphones
692,C,learnerperformance
695,A,databasemanipulation
695,B,homomorphicencryption
695,C,pailliersencryptionalgorithm
695,D,
696,A,virtualinstrument
696,B,handgesture
696,C,traditionalmusic
696,D,headmounteddisplayhmd
696,E,
697,A,nameddatanetworking
697,B,contentcentricnetworking
697,C,informationcentricnetwork
697,D,cachingrouter
697,E,clusteringmethods
697,F,analytichierarchyprocess
697,G,
698,A,mobileweb
698,B,evaluationapplication
698,C,countenance
698,D,aneka
698,E,trihitakarana
699,A,cnn
699,B,javaneseletter
699,C,characterrecognition
699,D,mobileclient
699,E,2tierarchitecture
699,F,api
700,A,gamification
700,B,knowledgemanagement
700,C,crowdsourcing
700,D,smartcity
701,A,tammodel
701,B,perceivedusefulness
701,C,perceivedeaseofuse
701,D,intentiontoadoptsmarthome
703,A,digitalcompetence
703,B,framework
703,C,selfassessment
703,D,universityeducation
703,E,developmentofthedigitalcompetence
703,F,pedagogicalspecialists
705,A,healthcare
705,B,mobilehealthmhealth
705,C,usability
705,D,artificialintelligence
705,E,developingcountries
705,F,
707,A,mediacompetence
707,B,mediaeducation
707,C,multimediatools
707,D,ict
707,E,mobiletechnologies
707,F,teachers
709,A,applicationprogramminginterface
709,B,bigdata
709,C,floodforecasting
710,A,mobileapp
710,B,perceivedusability
710,C,usabilitytestevaluation
711,A,mathematics
711,B,learning
711,C,qrcode
711,D,webaddress
711,E,smartphone
713,A,challenges
713,B,opportunities
713,C,socialmedia
713,D,teachingofwriting
713,E,teslpreserviceteachers
714,A,globalgrassrootscommunitymovement
714,B,opendevicelab
714,C,onlineuserreview
714,D,serviceuserexperienceevaluation
716,A,universityindustrylinkageuil
716,B,knowledgemanagementkm
716,C,universityindustrycollaborationuic
716,D,talentmobilitytm
716,E,nationalresearchuniversitynru
716,F,personnelsharingmodel
716,G,universityassessmentsystem
716,H,mobileweb
717,A,mbankingusability
717,B,financialtechnology
717,C,digitaleconomy
717,D,deafness
717,E,
718,A,mobileexperience
718,B,thinkaloudprotocol
718,C,usabilityevaluation
719,A,socialmediaanalytics
719,B,sentimentanalysis
719,C,precommercialization
720,A,cyberphysicalsystem
720,B,greendatacenter
720,C,energyconsumption
720,D,wirelesscommunication
721,A,ssl
721,B,tls
721,C,poodle
721,D,vulnerabilities
721,E,protocolversionsupgrade
722,A,egovernment
722,B,interviewapproach
722,C,mobileexperience
722,D,usabilityperformance
722,E,userperception
723,A,cloudworldsynergy
723,B,englishlanguageteachingelt
723,C,adultlearners
723,D,integrating
723,E,mobiledevices
723,F,perspectives
723,G,handheldtechnologies
724,A,organoleptictests
724,B,decisiontree
724,C,c45algorithm
724,D,android
728,A,networkattacks
728,B,distributeddenialofserviceattacks
728,C,flashcrowds
728,D,andtrafficcongestion
728,E,
729,A,wirelesssensornetworkswsn
729,B,asrcrouting
729,C,clusterheadchselection
729,D,replication
729,E,datacommunication
729,F,
730,A,assistivemobilehealthapplications
730,B,cognitivedecline
730,C,olderadults
730,D,qualityoflife
731,A,mobilehealthapplicationsadoption
731,B,mobilehealthapplicationsuseintention
731,C,olderadults
731,D,tam
731,E,perceivedusefulness
731,F,perceivedeaseofuse
731,G,subjectivenorm
731,H,facilitatingconditions
731,I,
733,A,computernetworking
733,B,ciscopackettracer
733,C,simulation
734,A,intelligentpredictive
734,B,naturallanguageprocessing
734,C,wordmatching
734,D,mobilebasedsystem
735,A,decisionmaking
735,B,technologyadoption
735,C,consumerbehaviour
735,D,enduserbehaviour
735,E,intentiontouse
735,F,mobilepayment
735,G,mpayment
735,H,thailand
735,I,
736,A,autoreplysystem
736,B,smsbasedsystem
736,C,systemperformance
736,D,usability
736,E,usequestionnaire
738,A,spirituality
738,B,socialmedia
738,C,conceptualmodel
739,A,learningachievement
739,B,readingtextbook
739,C,readingintensity
739,D,smartphoneaddiction
739,E,achievementmotivation
740,A,crimeprevention
740,B,communitysafety
740,C,crowdsourcing
740,D,gamification
740,E,locationaware
741,A,trustcomputation
741,B,nodetrustprediction
741,C,manet
742,A,technologyinlearning
742,B,eassesment
742,C,emodule
742,D,scienceprocessskills
742,E,physicspracticum
743,A,scienceprocessskills
743,B,mpracticumguidebooks
743,C,masessment
747,A,gamification
747,B,mobiledigitalcontentapplicationsmdca
747,C,psychologicalwellbeingpwb
747,D,
748,A,mobilevideoplatform
748,B,segmentation
748,C,questionlocation
748,D,recall
748,E,
751,A,quiz
751,B,assessment
751,C,moodle
751,D,blackboard
751,E,mobile
751,F,application
751,G,online
751,H,eassessment
751,I,lms
751,J,learning
752,A,mobileip
752,B,routing
752,C,careofaddress
752,D,homeagent
752,E,foreignagent
754,A,vocabularylearning
754,B,mobileassistedlanguagelearning
754,C,englishasasecondlanguage
754,D,appsfeatures
755,A,digitalstorytelling
755,B,creativeteaching
755,C,21stcenturylearning
755,D,web20
756,A,keywordspersonalizedreading
756,B,userprofile
756,C,scenario
756,D,slowlearner
757,A,algorithm
757,B,datastructure
757,C,gamebasedlearning
757,D,stack
759,A,androidapplication
759,B,learningbasicsolat
759,C,childhood
761,A,decisionmakingstyle
761,B,selfdirectedlearning
761,C,constructionrelatedworker
761,D,adultlearning
763,A,pairprogrammingtechnique
763,B,pairprogrammingtool
763,C,collaborativetool
763,D,engineeringstudents
763,E,educationaltool
763,F,engineeringeducation
764,A,activelearning
764,B,digitalsmartboard
764,C,primaryschoolstudents
764,D,learning
765,A,extensivereading
765,B,readingfluency
765,C,mobileassistedextensivereading
766,A,preserviceteachers
766,B,socialcognitivetheory
766,C,socialmedia
766,D,technologyacceptancemodel
766,E,theoryofplannedbehaviour
767,A,educationalgames
767,B,osimodel
767,C,computernetwork
767,D,actiongame
768,A,confirmatoryfactoranalysis
768,B,indicators
768,C,mobileassessmenttool
768,D,sustainablecreativetourism
771,A,drugs
771,B,evaluation
771,C,instruction
771,D,mobilemultimedia
771,E,tutorial
772,A,virtualreality
772,B,guidedtour
772,C,storytellingtechnique
772,D,mobileapp
773,A,gamification
773,B,farmpractice
773,C,participation
773,D,userengagement
773,E,android
773,F,mobileapp
774,A,mobilesocialnetworksmsn
774,B,systemquality
774,C,networkingquality
774,D,servicequality
774,E,informationquality
774,F,
775,A,android
775,B,jemasik
775,C,graphicrepresentation
775,D,vectorrepresentation
777,A,mobilecommunication
777,B,tvstreaming
777,C,smartdigitalmobile
777,D,tvupi
778,A,marketing
778,B,technology
778,C,students
778,D,highereducation
780,A,highereducationinstitution
780,B,keyperformanceindicator
780,C,multicriteriadecisionmakingproblemmcdm
780,D,
781,A,manet
781,B,selfishnodes
781,C,fading
781,D,throughput
781,E,alternateroute
781,F,helpernodes
782,A,signalingprinciples
782,B,lowachievinglearners
782,C,usability
782,D,interactiondesign
782,E,assistivecourseware
782,F,
783,A,corporatesocialresponsibility
783,B,changluncommunity
783,C,accesslog
783,D,wifi
783,E,wirelessnetwork
783,F,internet
784,A,olderadults
784,B,qualityoflife
784,C,mhealthapplication
784,D,smartphone
784,E,mobilepeersupport
784,F,
785,A,diffusion
785,B,lightweighthashingtechniques
785,C,mersennenumber
785,D,energyefficiency
785,E,
787,A,virtuallaboratorium
787,B,virtualreality
787,C,mobile
787,D,digitalengineering
788,A,socialmediaexploitation
788,B,api
788,C,permission
788,D,sms
788,E,camera
788,F,mobilemalwares
788,G,mobilephonesurveillancefeature
789,A,nameddatanetworking
789,B,prefix
789,C,broadcast
789,D,ndnsim
789,E,ns329
790,A,devicetodevice
790,B,modeselection
790,C,fifthgeneration
792,A,networkanalysismodel
792,B,signalingcost
792,C,handofflatency
792,D,nameddatanetworking
792,E,producermobilitysupport
792,F,broadcaststrategy
792,G,mobilityinterest
793,A,mobapp
793,B,deliveryprocess
793,C,shippedproducts
793,D,qualityattributes
793,E,usecases
794,A,educationalgame
794,B,blackboxtesting
794,C,gameapplication
794,D,userinterface
794,E,learningmedia
796,A,barrierstosocialmedia
796,B,teachingandlearning
796,C,highereducation
797,A,flippedclassroom
797,B,mathematicalmodelling
797,C,teachereducation
797,D,preserviceteacher
797,E,
798,A,intentiontouse
798,B,peruvianstudents
798,C,technologyacceptancemodel
798,D,smartphone
799,A,mixedreality
799,B,volumerendering
799,C,medicalimaging
799,D,raycasting
799,E,raytracing
799,F,
800,A,mobilecloudcomputing
800,B,movingmobilestorage
800,C,rest
800,D,cloudcomputingservicemodel
800,E,nosqlclouddatabases
800,F,syncapiforandroid
801,A,nfc
801,B,nearfieldcommunication
801,C,electronicmedicalrecord
802,A,3dcloaking
802,B,locationprivacy
802,C,mobilesensornetworks
802,D,locationmonitoringsystems
802,E,
803,A,touchscreeninterface
803,B,2dtouch
803,C,3dtouch
803,D,stable3dtoucharea
803,E,mobiledevice
804,A,mobiledevices
804,B,mobilephones
804,C,mobiletelecommunicationsystems
804,D,sensors
804,E,surveys
805,A,secondaryeducation
805,B,autism
805,C,adolescents
805,D,mobileapps
809,A,emoji
809,B,mobile
809,C,userfeedback
809,D,emotion
809,E,crowdrequirementsengineering
809,F,survey
809,G,perception
809,H,
809,I,
810,A,googleplaystore
810,B,installationdecision
810,C,photographyapplications
810,D,structuralequationmodeling
814,A,ids
814,B,ddos
814,C,mlp
814,D,naïvebayes
814,E,randomforest
815,A,wirelesssensornetworks
815,B,heterogeneous
815,C,clustering
815,D,backbone
815,E,mobilesink
815,F,shortestspanningtree
816,A,lms
816,B,collaborationspace
816,C,imsld
816,D,elearningplatform
816,E,designinganimsldmetamodel
819,A,speedthinking
819,B,educationalgame
819,C,playerbehavior
819,D,logdata
820,A,applicationbasedlearning
820,B,chemicalbonds
820,C,educationalgames
821,A,gis
821,B,algorithm
821,C,geotechnicaldata
821,D,engineering
821,E,drilling
822,A,tourpackage
822,B,recommendationsystem
822,C,casebasedreasoning
822,D,dempstershafertheory
822,E,naïvebayes
822,F,bayestheorem
822,G,webresponsive
822,H,kfoldcrossvalidation
823,A,mobilephone
823,B,application
823,C,workordersystem
823,D,infrastructure
824,A,virtualreality
824,B,fishtypes
824,C,googlevr
824,D,kindergarten
824,E,unity3d
824,F,blender
824,G,learningmedia
824,H,
825,A,peerinstruction
825,B,higherorderthinkingskills
825,C,onlinesociallearning
826,A,teachertraining
826,B,antisexualviolence
826,C,multimedia
827,A,authentication
827,B,unauthorizedserviceaccess
827,C,mobile
827,D,distributednetwork
830,A,attitudes
830,B,knowledge
830,C,socioemotion
830,D,technologygadget
834,A,chinesecharacterwriting
834,B,animation
834,C,frogvle
834,D,ctml
836,A,onlinelearningenvironment
836,B,adultlearners
836,C,learningdesign
836,D,professionallearning
837,A,gameattributes
837,B,seriousgame
837,C,learningtheory
838,A,datahandling
838,B,learningdifficulties
838,C,smartboard
838,D,higherorderthinkingskills
838,E,primaryschool
839,A,hapticdevice
839,B,virtualpulsesimulation
839,C,pulsediagnosisstudy
839,D,pulsewaveformmodeling
841,A,socialmediatechnology
841,B,highereducation
841,C,teachingandlearning
841,D,bibliometricanalysis
841,E,
842,A,wirelesssensornetwork
842,B,rts
842,C,cts
842,D,udp
842,E,tcp
842,F,
844,A,library40academiclibraries
845,A,mobileusability
845,B,internationalstandards
845,C,interfacedesign
845,D,standardizationproblems
846,A,vanets
846,B,routingprotocol
846,C,gpsr
846,D,dvagpsr
846,E,direction
846,F,speed
846,G,density
847,A,teachersprofessionaldevelopment
847,B,peermentoring
847,C,curriculuminnovation
847,D,affinityspace
848,A,trafficflowmodelling
848,B,cellularautomata
848,C,parallelcomputing
850,A,affective
850,B,attitudes
850,C,interest
852,A,adhocnetworks
852,B,manet
852,C,vanet
852,D,fanet
852,E,uwvanet
854,A,unscentedkalmanfilterukf
854,B,rssibaseddistancelocalization
854,C,wifitrackingsystem
855,A,collocations
855,B,writing
855,C,mobileassistedlanguagelearning
856,A,application
856,B,opensmartclassroom
856,C,openlearning
856,D,informationmediaandtechnologyskills
857,A,aomdv
857,B,dsdv
857,C,nodedistance
857,D,packetloss
857,E,throughput
857,F,variationofnodesnumber
857,G,psnr
857,H,wirelessmeshnetwork
858,A,applicantsforeducation
858,B,educationalprocess
858,C,highereducation
858,D,learningoutcomes
858,E,students
858,F,teachers
858,G,
869,A,smarttechnology
869,B,socialmedia
869,C,professionallearningcommunities
870,A,mobileapps
870,B,consumeracceptance
870,C,retail
870,D,smartphoneapps
871,A,informationsystems
871,B,informationscience
871,C,mobileappdesign
871,D,designscienceapproach
871,E,measurementapp
872,A,floodidentification
872,B,cnn
872,C,crowdsourcedata
872,D,gis
873,A,eassessment
873,B,softskills
873,C,2ndgenerationsosie
873,D,behavioraltests
873,E,humanresources
873,F,
876,A,divayanaformula
876,B,platforms
876,C,onlinelearning
876,D,socialdistancing
877,A,municipalities
877,B,localgovernment
877,C,southafrica
877,D,mobilerisks
877,E,trainingandawareness
878,A,socialmedia
878,B,brandawareness
878,C,businessconsultancycompetition
879,A,appmarketing
879,B,appinstallationads
879,C,mediumapps
880,A,datatrace
880,B,supportfactor
880,C,confidencefactor
880,D,trainingset
880,E,exactrange
880,F,sizerange
880,G,patternrange
881,A,digitalflipbook
881,B,researchanddevelopment
881,C,immunesystem
881,D,validation
881,E,
882,A,mobileapp
882,B,netpromoterscore
882,C,smartphoneapp
882,D,likelihoodtorecommend
883,A,leadershiptraining
883,B,etraining
883,C,aspiredleader
883,D,enpqel
884,A,communication
884,B,shortestpaths
884,C,informationdiffusion
884,D,centralities
884,E,neighbournodes
887,A,mobileadhocnetworks
887,B,blackholeattack
887,C,trust
887,D,malevolentnode
887,E,packetdropping
888,A,phetsimulation
888,B,criticalthinkingskills
888,C,covid19
890,A,zoommeeting
890,B,datausage
890,C,onlinelearning
890,D,covid19
892,A,inlandwaterwaytransportiwt
892,B,globalpositioningsystemgps
892,C,android
893,A,classroom
893,B,mobileeducationalapplications
893,C,teachingandlearning
895,A,multirobotics
895,B,pathplanningpp
895,C,acoalgorithm
895,D,metaheuristicsuncertainties
896,A,humanmobility
896,B,longshorttermmemorylstm
896,C,dbscan
897,A,gpsr
897,B,manet
897,C,qos
897,D,pdr
897,E,e2edelay
897,F,nrl
897,G,
899,A,topkpersonalizeddataset
899,B,gravimeterfilteringtechnique
899,C,treeoriented
900,A,brunermodel
900,B,geometry
900,C,leshmodel
900,D,mathematicalachievement
900,E,mobiledevices
900,F,slowmotion
901,A,educationalrobotics
901,B,roboticskits
901,C,computationalthinking
901,D,coding
901,E,creativity
901,F,criticalthinking
901,G,preschooleducation
901,H,primaryeducation
902,A,chatbots
902,B,messenger
902,C,websites
902,D,naturallanguageunderstanding
902,E,brandrepresentation
907,A,technology
907,B,writingskills
907,C,esleflcontexts
908,A,socialmediacommunication
908,B,socialmediamarketing
908,C,thaihotels
908,D,smes
909,A,enterpriseresourceplanningerp
909,B,decisionmaking
909,C,mobilestore
910,A,communicationstudies
910,B,hoax
910,C,blendedlearning
910,D,highereducation
911,A,attendancesystem
911,B,crossingnumber
911,C,geospatialretrieval
911,D,mobilefingerprint
911,E,pnpoly
912,A,heritagetourism
912,B,usercentreddesign
912,C,mobileguideservice
913,A,keywords
913,B,nomophobia
913,C,mobilephone
913,D,psycholoneliness
913,E,learning
913,F,
916,A,handwrittenarabictext
916,B,holisticrecognition
916,C,localbinarypattern
916,D,supportvectormachines
916,E,artificialneuralnetwork
916,F,
918,A,socialmedia
918,B,comprehensiveness
918,C,onlineshoppingintention
918,D,jordan
918,E,pharmacies
919,A,instantmessaging
919,B,useofinstantmessagingforacademicpurpose
919,C,technologyacceptancemodel
919,D,
920,A,gamegenres
920,B,comparinggamegenres
920,C,evolutionofgamegenres
920,D,
921,A,customerclassification
921,B,boosting
921,C,c45decisiontree
921,D,neuralnetwork
921,E,knn
922,A,distributedledgertechnology
922,B,blockchainconsensusalgorithms
922,C,proofofwork
923,A,mysql
923,B,independencecharacters
923,C,eassessment
924,A,androidgame
924,B,colloids
924,C,chemistry
924,D,learningmedia
925,A,perceivedusefulness
925,B,perceiveseaseofuse
925,C,credibility
925,D,entertainment
925,E,informativeness
925,F,irritation
925,G,malaysia
926,A,mobileenterpriseapplications
926,B,textclassification
926,C,userstories
927,A,bh1750
927,B,dht11
927,C,esp8266
927,D,streetlightingsystem
928,A,multimodalinteraction
928,B,speechrecognition
928,C,gesturerecognition
928,D,smartphoneapplication
928,E,smarthome
928,F,
930,A,informationtechnologies
930,B,appropriation
930,C,informationsystems
930,D,decisionmaking
930,E,bovineproductionsystem
930,F,systemdynamics
930,G,seriousvideogame
930,H,
931,A,researchcompetence
931,B,mobileeducation
931,C,ict
931,D,mobiletechnologies
931,E,students
932,A,ubiquitouslearning
932,B,moodle
932,C,learningmanagementsystem
932,D,instructionalmedia
934,A,oralenglishcommunicationskills
934,B,learnersproblems
934,C,learnersreadiness
934,D,featuresofsmartphones
934,E,englishasaforeignlanguage
935,A,autistic
935,B,videointeraction
935,C,mobiledevices
935,D,physicaleducationclass
936,A,facialrecognitionalgorithms
936,B,openface
936,C,mobilefacialrecognitions
937,A,eportfolio
937,B,hiringtool
937,C,employability
937,D,educationaltechnology
939,A,keywordsـــــcomputationalthinkingskills
939,B,steamapproach
939,C,algorithmicthinking
939,D,abstraction
939,E,decomposition
939,F,generalization
939,G,jordan
939,H,
941,A,tabletbasedapplication
941,B,evidencebasedteachersperceptionsandvideomodelling
942,A,mobileeducationtool
942,B,demonstration
942,C,evaluation
942,D,designscienceresearch
942,E,cbe
942,F,tanzania
943,A,driversleepiness
943,B,sleepinessdetection
943,C,smartphone
943,D,faciallandmark
943,E,extraction
943,F,realtime
943,G,eyeaspectratio
946,A,digitalcompetence
946,B,innovation
946,C,motivation
946,D,collaborativelearning
947,A,perception
947,B,acceptance
947,C,padlet
947,D,microblogging
947,E,writingskills
948,A,ubiquitouslearning
948,B,impairedmedia
948,C,camerasensor
948,D,multimedia
948,E,mobileapps
949,A,caraoht
949,B,rateadaptation
949,C,collisionaware
949,D,optimalhighthroughput
949,E,80211swmn
951,A,teachingandlearningplatform
951,B,technologyintegration
951,C,whatsappgroup
952,A,cattleidentification
952,B,sift
952,C,ransac
952,D,muzzlepattern
953,A,sdr
953,B,artificialintelligence
953,C,connectivity
953,D,andcoveragearea
954,A,appstoreoptimization
954,B,googleplay
954,C,appleappstore
954,D,mobileappstore
954,E,aso
955,A,advertising
955,B,bigdata
955,C,communication
955,D,textile
955,E,retail
955,F,smartdata
957,A,smartphoneapps
957,B,pushnotifications
957,C,consumeracceptance
957,D,frequency
958,A,mobiledatacollection
958,B,comparison
958,C,odk
958,D,odkx
958,E,kobotoolbox
958,F,pendragonforms
958,G,
960,A,lmsschoology
960,B,classroommanagement
960,C,studentperception
960,D,chemistrylearning
961,A,clientawareresourcescalabilitycloudlet
961,B,mobilecloudcomputing
961,C,resourcemigration
961,D,scalablecloudlet
961,E,
962,A,virtuallearning
962,B,mooc
962,C,pancasilaeducation
962,D,increasingscore
963,A,mobilenosmodeloflearning
963,B,understandingofnatureofscience
963,C,conceptualunderstanding
963,D,scientificliteracy
964,A,mobileinstrumentofcapability
964,B,studentscapabilitydevelopment
964,C,capabilityashumandevelopment
965,A,onlineinteractive
965,B,graphtheory
965,C,creativeproblemsolving
965,D,powtoonapplications
965,E,kahootapplication
967,A,transformation
967,B,themeaningoflearning
967,C,millennialgeneration
968,A,biotechnology
968,B,lifebasedlearning
968,C,localwisdom
969,A,edukit
969,B,coffee
969,C,problembasedlearning
969,D,separationofmixturetopic
969,E,vocationalhighschool
973,A,speaking
973,B,pronunciation
973,C,intelligibility
973,D,mobileassistedlanguagelearning
973,E,byod
975,A,agiledevelopment
975,B,agilemethods
975,C,bigdata
975,D,coordination
975,E,cloudcomputing
975,F,
976,A,pseudorandomreconstruction
976,B,radiocommunicationdevice
976,C,overheatability
976,D,frequencyhopping
976,E,spreadspectrum
977,A,computerbasedscreeningtests
977,B,cognitivedisorders
977,C,alzheimers
978,A,userexperience
978,B,instagram
978,C,graphicdesign
981,A,cocreation
981,B,digital
981,C,banking
981,D,adoption
981,E,southafrica
982,A,design
982,B,humancomputerinterface
982,C,mobilesdevices
982,D,
983,A,learningattitudes
983,B,learningmotivations
983,C,localwisdomforms
983,D,marapplication
983,E,understandingofgeometryconcepts
984,A,dictionary
984,B,indonesianlanguage
984,C,blindpeople
984,D,android
985,A,ecommerce
985,B,technologyacceptancemodel
985,C,assessment
985,D,competence
985,E,ecommercecompetency
987,A,multilayerperceptronmlp
987,B,activationfunction
987,C,semanticattack
987,D,phishing
988,A,intervehicularnetworks
988,B,autonomous
988,C,gossipalgorithm
988,D,mobileintervehicularcommunicationsystem
989,A,energyconsumption
989,B,educationalbuilding
989,C,deeplearning
989,D,lstm
989,E,prediction
989,F,
991,A,anomalydetection
991,B,wirelesssensornetwork
991,C,dosattack
991,D,opnetsimulator
992,A,mechatronicsystem
992,B,ltafwarchitecture
992,C,sensors
992,D,environmentalmonitoring
994,A,java
994,B,mysql
994,C,threads
994,D,hibernate
994,E,jdbc
996,A,twitter
996,B,characteristicsofinfluencers
996,C,entrepreneurialinfluencers
996,D,robustrankedlist
996,E,
997,A,dynamicalsystems
997,B,optimalcontrol
997,C,selforganization
997,D,mathematicalmodels
997,E,informationandcommunicationsystems
997,F,buslaevnetworks
998,A,patrafficrouting
998,B,geocaching
998,C,offlinecalculations
998,D,googlemaps
998,E,aalgorithm
998,F,
999,A,phplanguage
999,B,soapstrategy
999,C,sakaisystem
999,D,moodle
999,E,webservices
999,F,phpsoaptechnique
1000,A,longtermevolutionadvancedltea
1000,B,heterogeneousnetworkhetnet
1000,C,qosschedulingalgorithms
1000,D,proportionalfairpf
1000,E,rootmeansquarerms
1000,F,
1001,A,ubiquitoussensors
1001,B,pedestriandeadreckoning
1001,C,kalmanfilter
1001,D,gps
1001,E,
1006,A,routingprotocols
1006,B,mobileadhocnetwork
1006,C,energyefficiency
1007,A,digitalsketchingapplications
1007,B,toydesigns
1007,C,multicultures
1007,D,himavantacreatures
1007,E,andartandarchitecturalcontent
1008,A,systemusabilityscalesus
1008,B,website
1008,C,usability
1009,A,interactiveteachingmaterials
1009,B,edmodo
1009,C,criticalthinkingskills
1010,A,manets
1010,B,mobileadhoccloudcomputing
1010,C,daas
1010,D,asaas
1010,E,ahcaas
1017,A,smartphonemarket
1017,B,consumerattitudes
1017,C,adoptercategories
1017,D,smartphonediffusion
1019,A,virtualreality
1019,B,3dvisualization
1019,C,hybridlearning
1019,D,criticalthinkingskills
1019,E,laboratory
1020,A,manet
1020,B,routing
1020,C,routestability
1020,D,dsr
1021,A,libraryopencv
1021,B,citrasegmentation
1021,C,androidapplication
1021,D,technologysmartphone
1022,A,technologyenhancedlearning
1022,B,pendulum
1022,C,frequencydomain
1022,D,exactsolution
1022,E,fourieranalysis
1022,F,numericalmethods
1024,A,consultationapplication
1024,B,onlinemeetups
1024,C,addressingacademicdifficulties
1024,D,virtualmeeting
1025,A,icmls
1025,B,mobilelaboratory
1025,C,vocationalhighschool
1025,D,computernetworkengineering
1026,A,perceivedconvenience
1026,B,facilitationconditions
1026,C,socialinfluence
1026,D,pricevalueontheintentiontotheuseanuberapplication
1027,A,wirelessmeshnetwork
1027,B,networkcapacity
1027,C,averagemessagesize
1027,D,routing
1027,E,networktopology
1027,F,
1029,A,mobilecontrolsystems
1029,B,trainingcomplexes
1029,C,breathingapparatussimulator
1029,D,android
1030,A,communicativeenglish
1030,B,englishfortheworkplace
1030,C,mooc
1030,D,selfpacedlearning
1030,E,supportstaffs
1030,F,technologyenhancedlanguagelearning
1032,A,usesandgratification
1032,B,online
1032,C,marketplace
1032,D,motives
1036,A,onlinereading
1036,B,reading
1036,C,dispositionsandbehaviors
1036,D,
1037,A,mobapps
1037,B,mallmodel
1037,C,writingskill
1037,D,criticalthinkingskill
1038,A,socialmedia
1038,B,englishlanguageskill
1038,C,englishlanguagelearningmedia
1039,A,significantly
1039,B,increasedcaraccidents
1039,C,pollution
1039,D,economicproblems
1039,E,stls
1039,F,irsensor
1041,A,efl
1041,B,english
1041,C,educationalinnovation
1041,D,immersion
1041,E,learning
1041,F,virtualreality
1042,A,learningmedia
1042,B,adhd
1042,C,christianeducation
1044,A,learningmanagementsystem
1044,B,blendedlearning
1044,C,claroline
1044,D,motivation
1045,A,mohesr
1045,B,ntier
1045,C,adonet
1045,D,ui
1045,E,bll
1045,F,dal
1045,G,sp
1045,H,addie
1045,I,
1046,A,conceptassessment
1046,B,conceptgameassessment
1046,C,sprt
1046,D,conceptmastery
1046,E,
1047,A,diagrams
1047,B,testinstruments
1047,C,localwisdom
1047,D,multimedialearningmodules
1047,E,representations
1048,A,mgovernment
1048,B,egovernment
1048,C,technologyacceptance
1048,D,successfactors
1048,E,mobilenetwork
1049,A,manet
1049,B,dsdv
1049,C,idsdv
1049,D,edsdv
1049,E,odsdv
1049,F,simulation
1049,G,networkperformance
1049,H,ns3
1050,A,highereducation
1050,B,learningmanagementsystem
1050,C,informationandcommunicationtechnology
1050,D,canvas
1052,A,interactivemultimedia
1052,B,smashskills
1052,C,volleyball
1052,D,
1053,A,bimvrframework
1053,B,virtualreality
1053,C,engineeringeducation
1056,A,mobileattendance
1056,B,facialrecognition
1056,C,identification
1056,D,attendancemanagement
1056,E,
1057,A,millimeterwave
1057,B,beamforming
1057,C,massivemimo
1057,D,psooptimization
1058,A,mobilecloud
1058,B,lstmnetwork
1058,C,glowwormswarmoptimizationalgorithm
1058,D,loadforecasting
1058,E,
1059,A,mobilerecommendersystem
1059,B,localknowledge
1059,C,gamification
1060,A,usabilityevaluation
1060,B,mobiledevice
1060,C,trackingapplication
1060,D,systematicliteraturereview
1060,E,
1063,A,adiabaticlogic
1063,B,fulladder
1063,C,ecrl
1063,D,2pascl
1063,E,ripplecarryadderrca
1063,F,carryselectaddercsla
1063,G,carrysaveaddercsa
1063,H,carryskipaddercsa
1063,I,brentkungadderbka
1063,J,
1064,A,alzheimersdisease
1064,B,dementia
1064,C,elderly
1064,D,gamecriteria
1064,E,gameintervention
1064,F,memorydisorder
1064,G,mobilepsychotherapygames
1064,H,
1066,A,computervision
1066,B,inventorymanagement
1066,C,objectdetectionandtracking
1066,D,ransac
1066,E,sift
1066,F,
1067,A,emoticon
1067,B,culture
1067,C,expertreview
1067,D,humancomputerinteraction
1068,A,rfid
1068,B,indoorlocalization
1068,C,trilateration
1068,D,receivedsignalstrength
1068,E,
1069,A,learningmediagraphicdesign
1069,B,practicalitytest
1069,C,testeffectiveness
1069,D,androidtechnology
1071,A,learningmaterials
1071,B,mechanicalengineeringstudents
1071,C,padlet
1072,A,mobileinstantmessaging
1072,B,parentsteachercommunication
1072,C,mobiledevices
1072,D,mobilecommunication
1073,A,technology
1073,B,consumers
1073,C,application
1073,D,brands
1073,E,mobile
1074,A,mobilevideo
1074,B,tiktok
1074,C,usersandgratificationsug
1074,D,usergeneratedmediaugm
1074,E,personalitytraits
1074,F,motivation
1075,A,authentication
1075,B,imageprocessing
1075,C,wearable
1075,D,framework
1075,E,jni
1075,F,opencv
1075,G,personalidentity
1075,H,smartphones
1076,A,marinetourism
1076,B,userexperiencedesign
1076,C,boatloaning
1078,A,decisionsupportsystem
1078,B,supplierevaluation
1078,C,vikor
1079,A,mobilegovernment
1079,B,mgovernment
1079,C,contentadaptation
1079,D,usercontext
1079,E,mediation
1079,F,cloudcomputing
1079,G,rolebaseaccesscontrol
1080,A,fashion
1080,B,facebook
1080,C,socialnetworks
1080,D,socialmedia
1080,E,internet
1080,F,corporatecommunication
1080,G,dialogue
1080,H,stakeholders
1080,I,contentanalysis
1082,A,flashcard
1082,B,storybased
1082,C,picturedflashcard
1082,D,learningmotivation
1082,E,learningachievement
1082,F,anxietyinlearningenglish
1083,A,game
1083,B,hmsam
1083,C,martialarts
1083,D,pencaksilat
1083,E,virtualreality
1086,A,designbasedresearch
1086,B,distancelearning
1086,C,smarttechnology
1088,A,mobilephone
1088,B,tourism
1088,C,marketing
1088,D,smartphoneapps
1088,E,
1089,A,fuzzysettheory
1089,B,studentperformance
1089,C,onlinelearning
1089,D,islamicfinance
1090,A,predictiveanalytic
1090,B,naïvebayes
1090,C,businessintelligence
1090,D,humanresource
1091,A,scholarship
1091,B,websitebasedapplication
1091,C,teachinganalyticalhierarchyprocess
1091,D,decisionsupportsystem
1093,A,fibonacci
1093,B,juniorhighschoolstudent
1093,C,videobasedlearning
1093,D,geometrysequence
1094,A,networkedlearningcommunity
1094,B,21stcenturylearning
1094,C,multimediaindustry
1094,D,livestreamingmedia
1095,A,stemintroduction
1095,B,innovativethinking
1095,C,mathematicalachievement
1096,A,denoising
1096,B,multiwavelet
1096,C,thresholding
1096,D,softthresholding
1097,A,measuringinstruments
1097,B,situp
1097,C,arduino
1097,D,ultrasonicsensors
1098,A,education
1098,B,earlychildhoodeducation
1098,C,android
1101,A,erubrics
1101,B,androidbasedassessment
1101,C,onlineteaching
1101,D,peerassessment
1103,A,cropclassification
1103,B,drone
1103,C,transferlearning
1103,D,smartfarming
1105,A,attitude
1105,B,brand
1105,C,trust
1105,D,behaviourintention
1105,E,digitalmarketing
1107,A,artificialintelligence
1107,B,responsiveweb
1107,C,mobilepohones
1107,D,lettercut
1107,E,variablefont
1108,A,actionlevel
1108,B,cardriver
1108,C,fingergesture
1108,D,gesturalinteractions
1108,E,motivationlevel
1108,F,smartphoneuserinterface
1110,A,3danimation
1110,B,bibliometricanalysis
1110,C,vosviewer
1110,D,harzingspublishorperish
1110,E,scopusdatabase
1111,A,artificialintelligence
1111,B,covid19
1111,C,socialdistancing
1111,D,socialdistanceusingdeeplearning
1113,A,wirelesssensornetworks
1113,B,hierarchicalprotocols
1113,C,leach
1113,D,kmeans
1113,E,clustering
1113,F,timeslot
1113,G,ns234
1113,H,throughput
1115,A,surveillancevideos
1115,B,videosanalysis
1115,C,behaviorsrecognition
1115,D,anomalydetection
1115,E,neuralnetworks
1115,F,
1116,A,positionsofvisualelements
1116,B,instructionalvideos
1117,A,5gcommunication
1117,B,mmwaves
1117,C,beamforming
1117,D,standalone
1117,E,nonstandalone
1118,A,userreviews
1118,B,sentimentanalysis
1118,C,topicmodeling
1118,D,visualisation
1119,A,geogebra
1119,B,transformation
1119,C,mathematicalexperiment
1119,D,episodes
1119,E,authority
1119,F,approach
1119,G,
1121,A,artificialintelligence
1121,B,facialrecognition
1121,C,featureextraction
1121,D,qnn
1121,E,pcahowtoworkwiththistemplate
1124,A,3dcontent
1124,B,chaoticsystem
1124,C,3dmodel
1124,D,
1125,A,3dpolygonmeshmodel
1125,B,vertices
1125,C,3dlorenzchaoticmap
1126,A,capproperties
1126,B,cloudcomputing
1126,C,datareplication
1126,D,distributedsystems
1126,E,pervasiveinformationsystems
1126,F,webservices
1127,A,accesscontrol
1127,B,authentication
1127,C,password
1127,D,passwordstrength
1129,A,pushnotifications
1129,B,mobileapps
1129,C,mobilepushnotifications
1129,D,designelements
1129,E,cramersv
1133,A,competitiveapproach
1133,B,covid19impact
1133,C,globalmobilebrand
1133,D,pandemicsituation
1133,E,smartphoneindustry
1133,F,strategicimplication
1136,A,manet
1136,B,tcp
1136,C,aodv
1136,D,dsdv
1136,E,olsr
1136,F,fuzzylogic
1136,G,congestion
1136,H,crosslayer
1136,I,
1138,A,violencedetection
1138,B,socialnetworks
1138,C,sentimentanalysis
1138,D,arabiclexicon
1138,E,featureextraction
1140,A,smartphonesensors
1140,B,schoollab
1140,C,byod
1140,D,physicsexperiments
1141,A,digitaldelegationapplication
1141,B,digitalidentitydelegation
1141,C,thainationaldigitalidentity
1141,D,
1142,A,attendancemanagementsystem
1142,B,attendancerecords
1142,C,registration
1142,D,nfc
1142,E,qrcode
1142,F,beacon
1142,G,smarthadirapp
1142,H,mobileappdevelopment
1144,A,smartwatches
1144,B,userinterfaces
1144,C,interaction
1144,D,usability
1144,E,universaldesign
1144,F,prototype
1145,A,adaptivemobilescaffoldsystemamss
1145,B,cognitivestylesimplicityvscomplexitycssc
1145,C,digitalwillbeingdwb
1145,D,
1146,A,computationalscience
1146,B,computationalcompetencies
1146,C,virtuallearningenvironment
1146,D,21stcentury
1148,A,designthinking
1148,B,graphicuserinterface
1148,C,applicationdevelopment
1148,D,pregnant
1150,A,smartcollect
1150,B,mobiledata
1150,C,odkx
1150,D,datacollection
1150,E,edgecomputing
1151,A,mobiletechnology
1151,B,collaborative
1151,C,problemsolving
1154,A,elementaryschool
1154,B,smartphones
1154,C,education
1154,D,mobileapps
1155,A,cloudorientedapproach
1155,B,connectivity
1155,C,mobileadhocnetworks
1155,D,networklifetime
1155,E,operationalefficiency
1155,F,powerasaservice
1159,A,adaptiveuserinterface
1159,B,spacedretrievaltherapysrt
1159,C,elderlypeople
1159,D,alzheimersdisease
1159,E,usermodel
1159,F,groundedtheory
1161,A,heterogeneousnetwork
1161,B,qlearning
1161,C,macrocell
1161,D,picocell
1161,E,interference
1168,A,robot
1168,B,hypermedia
1168,C,scientificconcepts
1168,D,science
1168,E,instruction
1169,A,blendedlearning
1169,B,ideasbox
1169,C,motivationtowardlearning
1169,D,nonformaleducation
1169,E,culturepromotionprogramfordropouts
1170,A,webbasedanimationvideo
1170,B,environmentaleducation
1170,C,environmentalawareness
1175,A,communicationnetworks
1175,B,multipathroutingprotocol
1175,C,dcellnetworksimulation
1175,D,datatransmission
1175,E,ns3program
1175,F,linkfailure
1175,G,rackproblem
1177,A,adolescentdepression
1177,B,adolescentmotivation
1177,C,gamification
1177,D,modeldevelopment
1177,E,humancomputerinteraction
1179,A,mobilephones
1179,B,professorstudentcommunication
1179,C,mteachingandlearning
1180,A,iso9241
1180,B,multiplatform
1180,C,usabilityattributes
1180,D,mobileusability
1180,E,usabilityevaluation
1181,A,reputation
1181,B,trustmanagement
1181,C,recommendation
1181,D,
1182,A,qualityassurance
1182,B,apps
1182,C,userfeedback
1182,D,architecture
1182,E,productimprovement
1182,F,qualitymonitoring
1182,G,
1182,H,
1184,A,covid19
1184,B,smartdevices
1184,C,wirelesstechnologies
1184,D,cloudcomputing
1185,A,hearinghealthcare
1185,B,mobilehealth
1185,C,servicequality
1185,D,telemedicine
1186,A,motivation
1186,B,barriers
1186,C,onlinelearning
1186,D,covid19pandemic
1186,E,motivationboostingactivities
1187,A,bigdata
1187,B,idealproblemsolving
1187,C,modernanalyticalchemistry
1187,D,massspectrometry
1188,A,digitalbook
1188,B,multiculturaleducation
1189,A,interaction
1189,B,userinterface
1189,C,smartphone
1189,D,aging
1189,E,olderadult
1192,A,usability
1192,B,usabilitytesting
1192,C,mobileusability
1192,D,highereducationapp
1193,A,nonnativelearners
1193,B,mobiledevices
1193,C,selfstudyefl
1193,D,positiveattitudes
1193,E,potentials
1194,A,mathematicslearninggame
1194,B,android
1194,C,congruenceandsimilarity
1195,A,algorithmic
1196,A,androidbased
1196,B,learningplatform
1196,C,economiceducation
1196,D,addiemodel
1196,E,learningeverywhereclasslekas
1196,F,
1198,A,emergencymedicalmanagement
1198,B,tsunamidisaster
1198,C,problemandcreativethinking
1199,A,educationalgames
1199,B,designthinkingprocess
1199,C,media
1199,D,entrepreneurship
1199,E,training
1200,A,digitaleducation
1200,B,covid19
1200,C,digitaltransformation
1200,D,digitaltechnologies
1201,A,virtuallaboratory
1201,B,multiplerepresentation
1201,C,analyticalchemistry
1203,A,conservationeducation
1203,B,rawadanau
1203,C,naturalreserve
1203,D,onlinelearning
1203,E,website
1204,A,recommendation
1204,B,cookingclass
1204,C,culinary
1204,D,contentbasedfiltering
1204,E,tfidf
1205,A,conceptmap
1205,B,conceptmapmining
1205,C,efl
1205,D,kitbuild
1207,A,mathematicsanxiety
1207,B,mathematicsanxietyratingscale
1207,C,mathlearning
1207,D,assessment
1208,A,projectbasedlearning
1208,B,visualthinking
1208,C,visuallearning
1208,D,visualcommunication
1208,E,raschmeasurementmodel
1209,A,startups
1209,B,softwaremethodologies
1209,C,businessmodels
1209,D,mobilesoftwaredevelopment
1210,A,mobileassistedlanguagelearning
1210,B,collaborativewriting
1210,C,mobileappsforcollaborativewritingtools
1211,A,maclayerdata
1211,B,timestamp
1211,C,rssi
1211,D,smartphone
1211,E,wifitrackingsystem
1212,A,iranianelderly
1212,B,qualityoflife
1212,C,smartphone
1212,D,socialapplications
1212,E,semiexperimentalqualitativemethod
1213,A,communitylearningresources
1213,B,fieldsofscience
1213,C,lifebasedlearning
1214,A,development
1214,B,emcolearningmodel
1214,C,geographylearningoutcomes
1215,A,electronicmodules
1215,B,guideddiscovery
1215,C,redoxreactionmaterials
1216,A,equilibrium
1216,B,inquiry
1216,C,interactivemultimedia
1216,D,rotation
1223,A,residential
1223,B,criteria
1223,C,purchase
1223,D,usergenerateddata
1223,E,textanalysis
1223,F,
1224,A,autismspectrumdisorder
1224,B,educationalmobileapps
1224,C,languageandcommunicationskills
1225,A,education
1225,B,educationalmobileapp
1225,C,selfefficacy
1226,A,socialmediaplatforms
1226,B,collaborativelearning
1226,C,collaborativesupportingtool
1226,D,tertiarylevelstudent
1226,E,
1228,A,covid19
1228,B,queuingprocess
1228,C,queuemanagementsystem
1228,D,predictivemodel
1228,E,socialdistancing
1229,A,dysarthria
1229,B,letstalknow
1229,C,mobileapp
1229,D,children
1229,E,earlyintervention
1229,F,speech
1229,G,communication
1229,H,multimedia
1230,A,digitalapplication
1230,B,healthylifestyle
1230,C,uumcommunity
1231,A,childrencomputerinteraction
1231,B,interactiondesign
1231,C,mobilebasedlearningapplication
1231,D,usercentereddesignapproach
1231,E,userexperience
1231,F,alphageneration
1236,A,studentsvoices
1236,B,onlinedebate
1236,C,criticalthinkingskills
1236,D,covid19pandemic
1237,A,socialmedia
1237,B,raceplanningframework
1237,C,launchphase
1237,D,newproductdevelopmentnpd
1237,E,digitalmarketing
1238,A,indoorpositioningsystem
1238,B,particlefilter
1238,C,rssfingerprint
1238,D,knearestneighbor
1240,A,covid19pandemic
1240,B,onlinelearning
1240,C,emergingtechnologies
1240,D,stress
1240,E,studentsperformance
1243,A,eservicelearning
1243,B,onlineservicelearning
1243,C,studentengagement
1243,D,extremeeservicelearning
1244,A,communicativetasks
1244,B,smartphoneapplications
1244,C,oralcompetency
1246,A,mobileassistedmindmappingtechnique
1246,B,esluniversitystudents
1246,C,argumentativewriting
1246,D,mobilebasedtechnologicaltool
1248,A,creativityinhighereducation
1248,B,groupinvestigation
1248,C,digitalmindmap
1249,A,informationtechnologyresources
1249,B,innovationperformance
1249,C,highereducationinstitutions
1250,A,educationaltechnology
1250,B,onlinelearning
1250,C,questionnairereliability
1250,D,constructreliability
1251,A,blendedlearning
1251,B,acceptance
1251,C,universitystudents
1251,D,scale
1252,A,gsm
1252,B,sms
1252,C,pic16f886microcontroller
1252,D,buzzer
1254,A,perceivedvalue
1254,B,socialmedia
1254,C,orangasli
1255,A,schoolingfocusedonict
1255,B,ictmindset
1255,C,ictplanning
1257,A,mooc
1257,B,moocscontentdesign
1257,C,studentsperformance
1257,D,highereducation
1257,E,utem
1262,A,wirelessmultimediasensornetworkwmsn
1262,B,contextualunobservability
1262,C,sourcesinklocationprivacy
1262,D,imageprocessing
1262,E,globalattacks
1262,F,prioritypacketdropping
1262,G,andcrosslayeroptimization
1263,A,flippedclassroom
1263,B,blendedlearning
1263,C,criticalinquiry
1263,D,researchskill
1265,A,highperformance
1265,B,routingprotocol
1265,C,iwcett
1265,D,manets
1266,A,imageformat
1266,B,textonlynetwork
1266,C,freebasicsservice
1266,D,digitaldivide
1269,A,5gtechnology
1269,B,industry40
1269,C,digitaleconomy
1269,D,smarteducation
1270,A,5gtechnology
1270,B,capitalexpenditure
1270,C,operationalexpenditure
1270,D,totalcostofownership
1270,E,infrastructuresharing
1270,F,
1272,A,highereducation
1272,B,structuralequationmodeling
1272,C,technologysatisfaction
1272,D,theinternet
1276,A,covid19
1276,B,onlinelearning
1276,C,distancelearning
1276,D,highereducation
1276,E,educationtechnology
1277,A,dynamicgeometrysoftware
1277,B,metaanalysis
1277,C,mathematicalability
1277,D,studycharacteristics
1279,A,covid19
1279,B,tel
1279,C,highereducationinstitutions
1279,D,learningenvironment
1279,E,studentperformance
1279,F,
1280,A,efl
1280,B,onlinegame
1280,C,languagelearning
1280,D,spellingcity
1280,E,vocabulary
1282,A,teacherresponses
1282,B,studentsexpectation
1282,C,gamification
1282,D,learningscience
1285,A,recommendationsystem
1285,B,svd
1285,C,socialrelations
1285,D,datasparsity
1285,E,coldstart
1286,A,socioscientificissues
1286,B,gadgetbased
1286,C,interactivemultimedia
1286,D,scienceliteracy
1286,E,generationz
1287,A,eworksheet
1287,B,criticalthinking
1287,C,lessonstudy
1288,A,onlinediscussionforum
1288,B,studentscommitment
1288,C,undergraduatecourses
1289,A,interactivemobile
1289,B,mathematicsproblemsolving
1289,C,society50era
